image,image_paths,image_urls
,full/0fd285a85472183c1820e9ab1bd255bbda71f070.jpg,https://wallpapers.wallhaven.cc/wallpapers/full/wallhaven-103929.png
,full/4030b6e08f4f5cd4802e5c44db1ccb3f36c98a93.jpg,https://wallpapers.wallhaven.cc/wallpapers/full/wallhaven-6873.jpg
,full/c5874827029c42c164e100cf555774a246015aba.jpg,https://wallpapers.wallhaven.cc/wallpapers/full/wallhaven-5168.png
,full/75536e035b2ae4dfdc4a32efbe665bcea0d3caa6.jpg,https://wallpapers.wallhaven.cc/wallpapers/full/wallhaven-2042.jpg
,full/759689310939dd62a611a172c0671fdb32ece071.jpg,https://wallpapers.wallhaven.cc/wallpapers/full/wallhaven-28954.jpg
,full/dd6134c9ed0552696c222c190858d6092e473a8c.jpg,https://wallpapers.wallhaven.cc/wallpapers/full/wallhaven-4331.jpg
,full/c86242d268ef3692be940f594eb2afb61bd916a2.jpg,https://wallpapers.wallhaven.cc/wallpapers/full/wallhaven-26623.jpg
,full/98fa3bc0c3936a2ea3a1d94cbcaa9bc15f4f2bde.jpg,https://wallpapers.wallhaven.cc/wallpapers/full/wallhaven-6352.jpg
,full/8fb127a7ce47bb30396180212cb6f7f0abf58319.jpg,https://wallpapers.wallhaven.cc/wallpapers/full/wallhaven-310.jpg
,full/f474931cbf22af7d9cb6c5478fc18221f7db54c4.jpg,https://wallpapers.wallhaven.cc/wallpapers/full/wallhaven-6693.jpg
,full/3c2fc4b2a5601471831465f806c1618955e5a53a.jpg,https://wallpapers.wallhaven.cc/wallpapers/full/wallhaven-3590.jpg
,full/e7731aee33e45b414b8916200c1ec8292fa085ea.jpg,https://wallpapers.wallhaven.cc/wallpapers/full/wallhaven-9906.jpg
,full/d30f1b12df19b91d2c5876afc67416f419ce7662.jpg,https://wallpapers.wallhaven.cc/wallpapers/full/wallhaven-10694.jpg
,full/a3cd7ceff68edddcc36f8a46a560a3c889a3c13d.jpg,https://wallpapers.wallhaven.cc/wallpapers/full/wallhaven-353062.jpg
,full/cb099cd72a2028bd022321ad1fa4a35812ab44f9.jpg,https://wallpapers.wallhaven.cc/wallpapers/full/wallhaven-4039.jpg
,full/df6796eed96526247be24fd3fa5e7c58f30ff38b.jpg,https://wallpapers.wallhaven.cc/wallpapers/full/wallhaven-3335.jpg
,full/027d1e95132e3aa3cff2636f6810b80056c44815.jpg,https://wallpapers.wallhaven.cc/wallpapers/full/wallhaven-118264.png
,full/3775f5b20350fe126e204da15a3a8355ad40404f.jpg,https://wallpapers.wallhaven.cc/wallpapers/full/wallhaven-45287.jpg
,full/6aa1d02f2983832fa7d3972acee2b2638bab56be.jpg,https://wallpapers.wallhaven.cc/wallpapers/full/wallhaven-6413.jpg
,full/1c88d8e289e59a1d38942d97ff7686ae0af49256.jpg,https://wallpapers.wallhaven.cc/wallpapers/full/wallhaven-12852.jpg
,full/70c46e9e8a3440bce5a684a4f4c3e5c14ffe1098.jpg,https://wallpapers.wallhaven.cc/wallpapers/full/wallhaven-93962.jpg
,full/5f7f13515a640f92a643daccfdfb5235e50fcf31.jpg,https://wallpapers.wallhaven.cc/wallpapers/full/wallhaven-66624.jpg
,full/d12790ef5d5e6a3cf8dae5cb9cd4c52fae7b9e44.jpg,https://wallpapers.wallhaven.cc/wallpapers/full/wallhaven-11706.jpg
,full/9982cc65606bbe2c68e3c0583846a22d58d3c045.jpg,https://wallpapers.wallhaven.cc/wallpapers/full/wallhaven-64346.png
